dataset,variant,seed,epochs,best_epoch,best_val_acc,best_test_acc,final_train_acc,final_val_acc,final_test_acc,graph_keep,graph_sparsity,param_keep,param_sparsity,graph_churn,param_churn,graph_memory_state_norm,param_memory_state_norm,graph_recall_bias_norm,param_recall_bias_norm,steering_memory_state_norm,runtime_sec,num_nodes,num_edges,hidden_dim,memory_rank,param_memory_slots,task_type,metric_name
citeseer,ougp,0,120,100,0.7200000286102295,0.7070000171661377,0.9916667342185974,0.7140000462532043,0.7080000042915344,0.7000000476837158,0.2999999523162842,0.7000000476837158,0.2999999523162842,0.0030861387494951487,0.0029954370111227036,0.13724885880947113,25.720073699951172,0.49218815565109253,0.019924625754356384,0.0,4.726905584335327,3327,9228,64,16,64,multiclass,accuracy
citeseer,ougp,1,120,100,0.7300000190734863,0.7190000414848328,0.9916667342185974,0.718000054359436,0.7200000286102295,0.6999999284744263,0.30000007152557373,0.6999999284744263,0.30000007152557373,0.007372599560767412,0.002900012768805027,0.10666748881340027,22.662275314331055,0.5202888250350952,0.01887810230255127,0.0,4.184579133987427,3327,9228,64,16,64,multiclass,accuracy
citeseer,ougp,2,120,67,0.7280000448226929,0.7170000076293945,0.9916667342185974,0.7200000286102295,0.7190000414848328,0.699999988079071,0.30000001192092896,0.7000000476837158,0.2999999523162842,0.006201907992362976,0.0030600223690271378,0.11725417524576187,15.071460723876953,0.5830572247505188,0.019256675615906715,0.0,4.144081115722656,3327,9228,64,16,64,multiclass,accuracy
