dataset,variant,seed,epochs,best_epoch,best_val_acc,best_test_acc,final_train_acc,final_val_acc,final_test_acc,graph_keep,graph_sparsity,param_keep,param_sparsity,graph_churn,param_churn,graph_memory_state_norm,param_memory_state_norm,graph_recall_bias_norm,param_recall_bias_norm,steering_memory_state_norm,runtime_sec,num_nodes,num_edges,hidden_dim,memory_rank,backbone,param_memory_slots,task_type,metric_name
photo,dense,0,20,19,0.3307189643383026,0.33986929059028625,0.35816994309425354,0.3307189643383026,0.33986929059028625,1.0,0.0,1.0,0.0,0.0,0.0,0.0,0.0,0.0,0.0,0.0,6.411600112915039,7650,238162,64,8,sage,64,multiclass,accuracy
photo,ougp,0,20,0,0.2549019753932953,0.25702613592147827,0.26274511218070984,0.24705882370471954,0.2544117569923401,0.7000000476837158,0.2999999523162842,0.7000000476837158,0.2999999523162842,0.01999981701374054,0.020000049844384193,0.008215174078941345,4.056663513183594,1.1121609210968018,0.09075956791639328,0.0,9.243360996246338,7650,238162,64,8,sage,64,multiclass,accuracy
