dataset,variant,seed,epochs,best_epoch,best_val_acc,best_test_acc,final_train_acc,final_val_acc,final_test_acc,graph_keep,graph_sparsity,param_keep,param_sparsity,graph_churn,param_churn,graph_memory_state_norm,param_memory_state_norm,graph_recall_bias_norm,param_recall_bias_norm,steering_memory_state_norm,runtime_sec,num_nodes,num_edges,original_num_edges,edge_sample_size,hidden_dim,memory_rank,backbone,param_memory_slots,task_type,metric_name
cora,dense,0,20,12,0.7839999794960022,0.777999997138977,0.9428571462631226,0.7739999890327454,0.7739999890327454,1.0,0.0,1.0,0.0,0.0,0.0,0.0,0.0,0.0,0.0,0.0,24.177433967590332,2708,10556,10556,0,32,8,gat,32,multiclass,accuracy
cora,ougp,0,20,7,0.7820000052452087,0.7680000066757202,0.949999988079071,0.7699999809265137,0.7739999890327454,0.7000000476837158,0.2999999523162842,0.7000000476837158,0.2999999523162842,0.020000066608190536,0.020000092685222626,0.06911350786685944,3.757885217666626,0.8972436785697937,0.07362368702888489,0.0,53.60863494873047,2708,10556,10556,0,32,8,gat,32,multiclass,accuracy
