dataset,variant,seed,epochs,best_epoch,best_val_acc,best_test_acc,final_train_acc,final_val_acc,final_test_acc,graph_keep,graph_sparsity,param_keep,param_sparsity,graph_churn,param_churn,graph_memory_state_norm,param_memory_state_norm,graph_recall_bias_norm,param_recall_bias_norm,steering_memory_state_norm,runtime_sec,num_nodes,num_edges,hidden_dim,memory_rank,param_memory_slots,task_type,metric_name
cora,ougp,0,120,34,0.8080000281333923,0.8090000152587891,1.0,0.7940000295639038,0.7980000376701355,0.699999988079071,0.30000001192092896,0.6999999284744263,0.30000007152557373,0.012098478153347969,0.0032692616805434227,0.14248421788215637,15.96180534362793,0.7131499648094177,0.020402638241648674,0.0,4.315183162689209,2708,10556,64,16,64,multiclass,accuracy
cora,ougp,1,120,98,0.7980000376701355,0.7950000166893005,1.0,0.7900000214576721,0.7970000505447388,0.7000001072883606,0.2999998927116394,0.6999999284744263,0.30000007152557373,0.011135615408420563,0.0030329031869769096,0.2601265609264374,20.458765029907227,0.6736079454421997,0.018957972526550293,0.0,3.701367139816284,2708,10556,64,16,64,multiclass,accuracy
cora,ougp,2,120,78,0.7980000376701355,0.8210000395774841,1.0,0.7900000214576721,0.8020000457763672,0.7000000476837158,0.2999999523162842,0.699999988079071,0.30000001192092896,0.009227140806615353,0.0030486304312944412,0.20559483766555786,16.11552619934082,0.5819303393363953,0.01963498629629612,0.0,3.670581817626953,2708,10556,64,16,64,multiclass,accuracy
