dataset,variant,seed,epochs,best_epoch,best_val_acc,best_test_acc,final_train_acc,final_val_acc,final_test_acc,graph_keep,graph_sparsity,param_keep,param_sparsity,graph_churn,param_churn,graph_memory_state_norm,param_memory_state_norm,graph_recall_bias_norm,param_recall_bias_norm,steering_memory_state_norm,runtime_sec,num_nodes,num_edges,hidden_dim,memory_rank,backbone,param_memory_slots,task_type,metric_name
pubmed,dense,0,20,18,0.7699999809265137,0.7390000224113464,0.9666666388511658,0.7699999809265137,0.7419999837875366,1.0,0.0,1.0,0.0,0.0,0.0,0.0,0.0,0.0,0.0,0.0,56.5958251953125,19717,88651,32,8,sage,32,multiclass,accuracy
pubmed,ougp,0,20,19,0.7639999985694885,0.7390000224113464,0.9666666388511658,0.7639999985694885,0.7390000224113464,0.6999998688697815,0.3000001311302185,0.7000000476837158,0.2999999523162842,0.020000087097287178,0.01999996043741703,0.030559927225112915,4.07098913192749,1.159414291381836,0.07318446040153503,0.0,19.35231852531433,19717,88651,32,8,sage,32,multiclass,accuracy
