dataset,variant,seed,epochs,best_epoch,best_val_acc,best_test_acc,final_train_acc,final_val_acc,final_test_acc,graph_keep,graph_sparsity,param_keep,param_sparsity,graph_churn,param_churn,graph_memory_state_norm,param_memory_state_norm,graph_recall_bias_norm,param_recall_bias_norm,steering_memory_state_norm,runtime_sec,num_nodes,num_edges,hidden_dim,memory_rank,param_memory_slots,task_type,metric_name
pubmed,ougp,0,120,75,0.800000011920929,0.7890000343322754,1.0,0.7880000472068787,0.7930000424385071,0.7000000476837158,0.2999999523162842,0.6999999284744263,0.30000007152557373,0.0040033673867583275,0.003773651085793972,0.06484626978635788,8.108110427856445,0.4759892225265503,0.017384197562932968,0.0,6.678099155426025,19717,88651,64,16,64,multiclass,accuracy
pubmed,ougp,1,120,82,0.800000011920929,0.7890000343322754,1.0,0.784000039100647,0.7950000166893005,0.699999988079071,0.30000001192092896,0.699999988079071,0.30000001192092896,0.00355856167152524,0.0034537184983491898,0.04854707792401314,10.707015037536621,0.4395517110824585,0.015833672136068344,0.0,6.21311092376709,19717,88651,64,16,64,multiclass,accuracy
pubmed,ougp,2,120,49,0.8040000200271606,0.7910000085830688,1.0,0.7900000214576721,0.7970000505447388,0.699999988079071,0.30000001192092896,0.6999999284744263,0.30000007152557373,0.007718867156654596,0.0031992560252547264,0.0430021695792675,6.576888084411621,0.46919095516204834,0.017799021676182747,0.0,6.265321731567383,19717,88651,64,16,64,multiclass,accuracy
