dataset,variant,seed,epochs,best_epoch,best_val_acc,best_test_acc,final_train_acc,final_val_acc,final_test_acc,graph_keep,graph_sparsity,param_keep,param_sparsity,graph_churn,param_churn,graph_memory_state_norm,param_memory_state_norm,graph_recall_bias_norm,param_recall_bias_norm,steering_memory_state_norm,runtime_sec,num_nodes,num_edges,hidden_dim,memory_rank,backbone,param_memory_slots,task_type,metric_name
cora,dense,0,20,19,0.6980000138282776,0.703000009059906,1.0,0.6980000138282776,0.703000009059906,1.0,0.0,1.0,0.0,0.0,0.0,0.0,0.0,0.0,0.0,0.0,11.530552387237549,2708,10556,32,8,sage,32,multiclass,accuracy
cora,ougp,0,20,19,0.6759999990463257,0.6819999814033508,1.0,0.6759999990463257,0.6819999814033508,0.699999988079071,0.30000001192092896,0.6999999284744263,0.30000007152557373,0.02000008150935173,0.02000005729496479,0.09652020782232285,2.990345001220703,0.9489495158195496,0.06904467940330505,0.0,44.489712715148926,2708,10556,32,8,sage,32,multiclass,accuracy
