dataset,variant,seed,epochs,best_epoch,best_val_acc,best_test_acc,final_train_acc,final_val_acc,final_test_acc,graph_keep,graph_sparsity,param_keep,param_sparsity,graph_churn,param_churn,graph_memory_state_norm,param_memory_state_norm,graph_recall_bias_norm,param_recall_bias_norm,steering_memory_state_norm,runtime_sec,num_nodes,num_edges,original_num_edges,edge_sample_size,hidden_dim,memory_rank,backbone,param_memory_slots,task_type,metric_name
pubmed,dense,0,20,16,0.7480000257492065,0.722000002861023,0.9333333373069763,0.7459999918937683,0.7300000190734863,1.0,0.0,1.0,0.0,0.0,0.0,0.0,0.0,0.0,0.0,0.0,82.65786075592041,19717,88651,88651,0,32,8,gat,32,multiclass,accuracy
pubmed,ougp,0,20,15,0.7480000257492065,0.7239999771118164,0.949999988079071,0.7459999918937683,0.7360000014305115,0.7000000476837158,0.2999999523162842,0.7000000476837158,0.2999999523162842,0.019999956712126732,0.020000018179416656,0.022347532212734222,2.965331554412842,1.1403889656066895,0.06388472020626068,0.0,16.527119874954224,19717,88651,88651,0,32,8,gat,32,multiclass,accuracy
