dataset,variant,seed,epochs,best_epoch,best_val_acc,best_test_acc,final_train_acc,final_val_acc,final_test_acc,graph_keep,graph_sparsity,param_keep,param_sparsity,graph_churn,param_churn,graph_memory_state_norm,param_memory_state_norm,graph_recall_bias_norm,param_recall_bias_norm,steering_memory_state_norm,runtime_sec,num_nodes,num_edges,hidden_dim,memory_rank,backbone,param_memory_slots,task_type,metric_name
citeseer,dense,0,20,19,0.4779999852180481,0.4740000069141388,0.9916666746139526,0.4779999852180481,0.4740000069141388,1.0,0.0,1.0,0.0,0.0,0.0,0.0,0.0,0.0,0.0,0.0,19.558579921722412,3327,9228,32,8,sage,32,multiclass,accuracy
citeseer,ougp,0,20,1,0.47600001096725464,0.4390000104904175,0.9916666746139526,0.47200000286102295,0.460999995470047,0.7000000476837158,0.2999999523162842,0.699999988079071,0.30000001192092896,0.020000217482447624,0.020000051707029343,0.040883298963308334,4.86887788772583,0.7643114328384399,0.06620171666145325,0.0,38.36954927444458,3327,9228,32,8,sage,32,multiclass,accuracy
