dataset,variant,seed,epochs,best_epoch,best_val_acc,best_test_acc,final_train_acc,final_val_acc,final_test_acc,graph_keep,graph_sparsity,param_keep,param_sparsity,graph_churn,param_churn,graph_memory_state_norm,param_memory_state_norm,graph_recall_bias_norm,param_recall_bias_norm,steering_memory_state_norm,runtime_sec,num_nodes,num_edges,original_num_edges,edge_sample_size,hidden_dim,memory_rank,backbone,param_memory_slots,task_type,metric_name
citeseer,dense,0,20,18,0.5120000243186951,0.5120000243186951,0.9333333373069763,0.5120000243186951,0.5130000114440918,1.0,0.0,1.0,0.0,0.0,0.0,0.0,0.0,0.0,0.0,0.0,30.137996196746826,3327,9228,9228,0,32,8,gat,32,multiclass,accuracy
citeseer,ougp,0,20,0,0.5080000162124634,0.5249999761581421,0.9333333373069763,0.49799999594688416,0.5149999856948853,0.6999999284744263,0.30000007152557373,0.699999988079071,0.30000001192092896,0.019999941810965538,0.019999908283352852,0.044562697410583496,3.276125192642212,0.75136798620224,0.06312195211648941,0.0,47.37251019477844,3327,9228,9228,0,32,8,gat,32,multiclass,accuracy
